id,name,email,created_at,updated_at
1,Adelbert Conroy,anais_balistreri@jenkinswaelchi.org,2014-08-15 15:30:54 UTC,2014-08-15 15:30:54 UTC
2,Baron Keeling,anita_macejkovic@swaniawski.info,2014-08-15 15:30:54 UTC,2014-08-15 15:30:54 UTC
3,Arlene Macejkovic,dayton.fadel@zemlakhirthe.info,2014-08-15 15:30:54 UTC,2014-08-15 15:30:54 UTC
4,Dr. Yazmin Wiza,katharina@treutel.org,2014-08-15 15:30:54 UTC,2014-08-15 15:30:54 UTC
5,Jerad Schultz,antonetta@kovacekfahey.org,2014-08-15 15:30:54 UTC,2014-08-15 15:30:54 UTC
6,Bella Kutch,mason@donnelly.com,2014-08-15 15:30:54 UTC,2014-08-15 15:30:54 UTC
7,Tremayne Marvin,constance@streichnicolas.org,2014-08-15 15:30:54 UTC,2014-08-15 15:30:54 UTC
8,Rosemary Kuvalis,wendell@pacocha.info,2014-08-15 15:30:54 UTC,2014-08-15 15:30:54 UTC
9,Brook Hudson,joshuah.robel@stroman.org,2014-08-15 15:30:54 UTC,2014-08-15 15:30:54 UTC
10,Mr. Ewell Lockman,grayce@mckenzie.info,2014-08-15 15:30:54 UTC,2014-08-15 15:30:54 UTC
11,Clarissa Macejkovic,emerald@muller.org,2014-08-15 15:30:54 UTC,2014-08-15 15:30:54 UTC
12,Garland Stoltenberg,akeem@durganbrown.org,2014-08-15 15:30:54 UTC,2014-08-15 15:30:54 UTC
13,Liam Padberg,angus@collins.name,2014-08-15 15:30:54 UTC,2014-08-15 15:30:54 UTC
14,Tierra Kozey,cydney@reynolds.biz,2014-08-15 15:30:54 UTC,2014-08-15 15:30:54 UTC
15,Lewis Hoeger,leanna@hermiston.com,2014-08-15 15:30:54 UTC,2014-08-15 15:30:54 UTC
16,Xzavier Hoeger,destany.kaulke@dickidickinson.com,2014-08-15 15:30:54 UTC,2014-08-15 15:30:54 UTC
17,Jan Crona,lorenza@hirthe.net,2014-08-15 15:30:54 UTC,2014-08-15 15:30:54 UTC
18,Dr. Rene Ward,stewart@kuhlman.info,2014-08-15 15:30:54 UTC,2014-08-15 15:30:54 UTC
19,Verna Koch,annabelle@price.net,2014-08-15 15:30:54 UTC,2014-08-15 15:30:54 UTC
20,Joelle Marvin,marty@kubfadel.biz,2014-08-15 15:30:54 UTC,2014-08-15 15:30:54 UTC
21,Clay Donnelly,zachariah.dickinson@pouros.info,2014-08-15 15:30:54 UTC,2014-08-15 15:30:54 UTC
22,Guillermo Huels,augustus_ohara@lowe.info,2014-08-15 15:30:54 UTC,2014-08-15 15:30:54 UTC
23,Caleb Rice MD,jacynthe@kunze.name,2014-08-15 15:30:54 UTC,2014-08-15 15:30:54 UTC
24,Jewel Kshlerin,furman.konopelski@johnson.com,2014-08-15 15:30:54 UTC,2014-08-15 15:30:54 UTC
25,Alexandra Lowe,citlalli_king@friesencain.com,2014-08-15 15:30:54 UTC,2014-08-15 15:30:54 UTC
26,Giles Monahan MD,cali@beckerzulauf.info,2014-08-15 15:30:54 UTC,2014-08-15 15:30:54 UTC
27,Casimer Hayes,antonetta@boyle.org,2014-08-15 15:30:54 UTC,2014-08-15 15:30:54 UTC
28,Rita Douglas,katrina.rolfson@kertzmann.name,2014-08-15 15:30:54 UTC,2014-08-15 15:30:54 UTC
29,Grayce Swift,jacquelyn_bartell@hickle.net,2014-08-15 15:30:54 UTC,2014-08-15 15:30:54 UTC
30,Lionel Gaylord,maximilian.koepp@jenkins.com,2014-08-15 15:30:54 UTC,2014-08-15 15:30:54 UTC
31,Mr. Electa Hane,danielle_herman@kaulke.com,2014-08-15 15:30:54 UTC,2014-08-15 15:30:54 UTC
32,Laverna Muller,clement@olson.net,2014-08-15 15:30:54 UTC,2014-08-15 15:30:54 UTC
33,Mr. Dessie White,bernard_stracke@leuschketerry.info,2014-08-15 15:30:54 UTC,2014-08-15 15:30:54 UTC
34,Rosemarie Metz DVM,kamryn@dare.com,2014-08-15 15:30:54 UTC,2014-08-15 15:30:54 UTC
35,Orville Brekke,arturo.adams@douglas.net,2014-08-15 15:30:54 UTC,2014-08-15 15:30:54 UTC
36,Dr. Adella Tromp,adah@bailey.org,2014-08-15 15:30:54 UTC,2014-08-15 15:30:54 UTC
37,Solon Raynor,quinton@rath.info,2014-08-15 15:30:54 UTC,2014-08-15 15:30:54 UTC
38,Marian Rath,loyal@ward.com,2014-08-15 15:30:54 UTC,2014-08-15 15:30:54 UTC
39,Lenore Conn,andres@monahanhauck.com,2014-08-15 15:30:54 UTC,2014-08-15 15:30:54 UTC
40,Angie Herman,louisa.rau@beier.name,2014-08-15 15:30:54 UTC,2014-08-15 15:30:54 UTC
41,Dr. Citlalli Bode,rosemarie@cormier.info,2014-08-15 15:30:54 UTC,2014-08-15 15:30:54 UTC
42,Velva Gusikowski,bonita_roberts@jenkintiedemann.name,2014-08-15 15:30:54 UTC,2014-08-15 15:30:54 UTC
43,Myra Powlowski,april.corwin@klingcorkery.info,2014-08-15 15:30:54 UTC,2014-08-15 15:30:54 UTC
44,Miss Shanie Gibson,astrid@prohaska.name,2014-08-15 15:30:54 UTC,2014-08-15 15:30:54 UTC
45,Luigi Heaney,makenzie@lebsackmcdermott.net,2014-08-15 15:30:54 UTC,2014-08-15 15:30:54 UTC
46,Zack Kihn,mustafa@powlowskistoltenberg.biz,2014-08-15 15:30:54 UTC,2014-08-15 15:30:54 UTC
47,Angela Dicki III,cody@schimmel.biz,2014-08-15 15:30:54 UTC,2014-08-15 15:30:54 UTC
48,Suzanne Mayert,gabriel@kuhn.info,2014-08-15 15:30:54 UTC,2014-08-15 15:30:54 UTC
49,Lester Cormier,brett_volkman@mcclure.net,2014-08-15 15:30:54 UTC,2014-08-15 15:30:54 UTC
50,Jessie Kshlerin,jamey@padberghyatt.org,2014-08-15 15:30:54 UTC,2014-08-15 15:30:54 UTC
51,Madyson Trantow,alexandrea@olsonterry.com,2014-08-15 15:30:54 UTC,2014-08-15 15:30:54 UTC
52,Mrs. Trever Cremin,tanner_howell@stehrhansen.org,2014-08-15 15:30:54 UTC,2014-08-15 15:30:54 UTC
53,Mohammed Metz,braeden@goodwinbuckridge.com,2014-08-15 15:30:54 UTC,2014-08-15 15:30:54 UTC
54,Geovanni Bins DDS,martina@wolff.com,2014-08-15 15:30:54 UTC,2014-08-15 15:30:54 UTC
55,Christine Ebert Jr.,darwin.wuckert@turner.org,2014-08-15 15:30:54 UTC,2014-08-15 15:30:54 UTC
56,Verdie Fritsch,tyrique_hammes@osinski.org,2014-08-15 15:30:54 UTC,2014-08-15 15:30:54 UTC
57,Nikita Zulauf III,jewel.walker@jerde.name,2014-08-15 15:30:54 UTC,2014-08-15 15:30:54 UTC
58,Waino Ratke,kaylie_glover@keeling.com,2014-08-15 15:30:54 UTC,2014-08-15 15:30:54 UTC
59,Reed Stamm,johann.mitchell@kutch.name,2014-08-15 15:30:54 UTC,2014-08-15 15:30:54 UTC
60,Libbie Hickle,marjorie_anderson@schroederaufderhar.org,2014-08-15 15:30:54 UTC,2014-08-15 15:30:54 UTC
61,Travis Jacobson,charles.moriette@jaskolski.org,2014-08-15 15:30:54 UTC,2014-08-15 15:30:54 UTC
62,Dr. Emilie Bradtke,colt_labadie@stiedemann.info,2014-08-15 15:30:54 UTC,2014-08-15 15:30:54 UTC
63,Miss Trey Hodkiewicz,lucie@funklind.com,2014-08-15 15:30:54 UTC,2014-08-15 15:30:54 UTC
64,Ms. Kiel Greenholt,guadalupe_walker@jakubowski.biz,2014-08-15 15:30:54 UTC,2014-08-15 15:30:54 UTC
65,Kallie Stehr,julie@boyermonahan.name,2014-08-15 15:30:54 UTC,2014-08-15 15:30:54 UTC
66,Nicklaus Kub DVM,arthur@botsford.org,2014-08-15 15:30:54 UTC,2014-08-15 15:30:54 UTC
67,Rosemarie Feil,adriel_wiza@heelsporer.name,2014-08-15 15:30:54 UTC,2014-08-15 15:30:54 UTC
68,Derek Luettgen,lacey_eichmann@leannon.net,2014-08-15 15:30:54 UTC,2014-08-15 15:30:54 UTC
69,Dr. Gretchen O'Conner,eula@quitzon.com,2014-08-15 15:30:54 UTC,2014-08-15 15:30:54 UTC
70,Carroll Mayer,leon@schaefer.name,2014-08-15 15:30:54 UTC,2014-08-15 15:30:54 UTC
71,Chester Reichert,asa@effertz.info,2014-08-15 15:30:54 UTC,2014-08-15 15:30:54 UTC
72,Mr. Jennifer Wilderman,rupert_upton@gulgowskidicki.com,2014-08-15 15:30:54 UTC,2014-08-15 15:30:54 UTC
73,Mrs. Magali DuBuque,franz@jakubowski.name,2014-08-15 15:30:54 UTC,2014-08-15 15:30:54 UTC
74,Adele Kunde,zetta@lockmannolan.info,2014-08-15 15:30:54 UTC,2014-08-15 15:30:54 UTC
75,Alfred Spinka PhD,selmer_effertz@townewehner.org,2014-08-15 15:30:54 UTC,2014-08-15 15:30:54 UTC
76,Ms. Albertha Shields,andy_lynch@gulgowski.org,2014-08-15 15:30:54 UTC,2014-08-15 15:30:54 UTC
77,Rolando Murray,kellie_mclaughlin@turcotte.com,2014-08-15 15:30:54 UTC,2014-08-15 15:30:54 UTC
78,Dr. Arno Paucek,nigel@grady.net,2014-08-15 15:30:54 UTC,2014-08-15 15:30:54 UTC
79,Sonya Mann Sr.,arch_zboncak@sipesokon.name,2014-08-15 15:30:54 UTC,2014-08-15 15:30:54 UTC
80,Damon Wolf,candelario_mayer@runte.net,2014-08-15 15:30:54 UTC,2014-08-15 15:30:54 UTC
81,Mya Ankunding V,verla.cummerata@jones.com,2014-08-15 15:30:54 UTC,2014-08-15 15:30:54 UTC
82,Mrs. Keven Hermann,cody_glover@herman.com,2014-08-15 15:30:54 UTC,2014-08-15 15:30:54 UTC
83,Junior Breitenberg,jude@hermann.biz,2014-08-15 15:30:54 UTC,2014-08-15 15:30:54 UTC
84,Kevin Kunze Jr.,rudy@stoltenberg.org,2014-08-15 15:30:54 UTC,2014-08-15 15:30:54 UTC
85,Earline Hagenes,astrid@bahringer.org,2014-08-15 15:30:54 UTC,2014-08-15 15:30:54 UTC
86,Edwardo Grant,amy_satterfield@champlin.org,2014-08-15 15:30:54 UTC,2014-08-15 15:30:54 UTC
87,Bianka Langworth,remington@runolfonpowlowski.org,2014-08-15 15:30:54 UTC,2014-08-15 15:30:54 UTC
88,Ward Hane,porter.volkman@leschdavis.com,2014-08-15 15:30:54 UTC,2014-08-15 15:30:54 UTC
89,Miss Krystel Lubowitz,cooper@cain.name,2014-08-15 15:30:54 UTC,2014-08-15 15:30:54 UTC
90,Luther Stracke,gracie.leuschke@ryan.info,2014-08-15 15:30:54 UTC,2014-08-15 15:30:54 UTC
91,Jaunita Wuckert,kailee@stantoncummerata.name,2014-08-15 15:30:54 UTC,2014-08-15 15:30:54 UTC
92,Era Altenwerth MD,reie_zieme@huelshintz.name,2014-08-15 15:30:54 UTC,2014-08-15 15:30:54 UTC
93,Alana Nienow,jeffry@wisokymayert.org,2014-08-15 15:30:54 UTC,2014-08-15 15:30:54 UTC
94,Dr. Howell Daniel,kattie_nader@vonrueden.net,2014-08-15 15:30:54 UTC,2014-08-15 15:30:54 UTC
95,Paolo Baumbach Jr.,rubie@okeefeeffertz.biz,2014-08-15 15:30:54 UTC,2014-08-15 15:30:54 UTC
96,Trudie VonRueden Sr.,linda@runolfsdottir.name,2014-08-15 15:30:54 UTC,2014-08-15 15:30:54 UTC
97,Rudy Runte,aric.herzog@rodriguez.info,2014-08-15 15:30:54 UTC,2014-08-15 15:30:54 UTC
98,Alva Wiegand,domenico.mayert@boyer.com,2014-08-15 15:30:54 UTC,2014-08-15 15:30:54 UTC
99,Robb Balistreri,jeramy@deckow.net,2014-08-15 15:30:54 UTC,2014-08-15 15:30:54 UTC
100,Hadley Murray,gene@ryankshlerin.info,2014-08-15 15:30:54 UTC,2014-08-15 15:30:54 UTC
101,Mckenna Streich,pierce@waelchi.name,2014-08-15 15:30:54 UTC,2014-08-15 15:30:54 UTC
102,Mrs. Grover Spencer,nichole_hoppe@creminschmidt.name,2014-08-15 15:30:54 UTC,2014-08-15 15:30:54 UTC
103,Bret Krajcik,seamus.cronin@ziemann.biz,2014-08-15 15:30:54 UTC,2014-08-15 15:30:54 UTC
104,Dashawn Lindgren,adela@wintheiser.net,2014-08-15 15:30:54 UTC,2014-08-15 15:30:54 UTC
105,Miss Esteban Kertzmann,mayra@raynornitzsche.biz,2014-08-15 15:30:54 UTC,2014-08-15 15:30:54 UTC
106,Nikolas Klocko,william_crona@oconnergoyette.name,2014-08-15 15:30:54 UTC,2014-08-15 15:30:54 UTC
107,Imelda Spencer,jacques_kihn@johnstonmurphy.biz,2014-08-15 15:30:54 UTC,2014-08-15 15:30:54 UTC
108,Ms. Abelardo Abshire,kyler_renner@heidenreich.biz,2014-08-15 15:30:54 UTC,2014-08-15 15:30:54 UTC
109,Marcos Langworth,carmel_considine@funkkovacek.name,2014-08-15 15:30:54 UTC,2014-08-15 15:30:54 UTC
110,Daija Kertzmann,nikko@prohaska.org,2014-08-15 15:30:54 UTC,2014-08-15 15:30:54 UTC
111,Else Abbott,ethelyn@parkerjohns.name,2014-08-15 15:30:54 UTC,2014-08-15 15:30:54 UTC
112,Theodora Schmitt,jada_streich@rohan.biz,2014-08-15 15:30:54 UTC,2014-08-15 15:30:54 UTC
113,Tyreek Connelly,caandra@gutmann.net,2014-08-15 15:30:54 UTC,2014-08-15 15:30:54 UTC
114,Ms. Ryley Schmitt,luella_heel@dickinsonhand.biz,2014-08-15 15:30:54 UTC,2014-08-15 15:30:54 UTC
115,Tatum Jenkins,salma.gottlieb@kshlerin.name,2014-08-15 15:30:54 UTC,2014-08-15 15:30:54 UTC
116,Garett Mueller,santos@waterscummings.info,2014-08-15 15:30:54 UTC,2014-08-15 15:30:54 UTC
117,Narciso O'Connell I,arnold_morar@lehnerschulist.net,2014-08-15 15:30:54 UTC,2014-08-15 15:30:54 UTC
118,Oral Hansen I,macey_dach@lang.name,2014-08-15 15:30:54 UTC,2014-08-15 15:30:54 UTC
119,Blaze McGlynn,vesta.franecki@rodriguez.info,2014-08-15 15:30:54 UTC,2014-08-15 15:30:54 UTC
120,Kyle Armstrong,jesus@kilback.biz,2014-08-15 15:30:54 UTC,2014-08-15 15:30:54 UTC
121,Okey Heller,lucy@nicolatroman.net,2014-08-15 15:30:54 UTC,2014-08-15 15:30:54 UTC
122,Ms. Kenyatta Ernser,greyson@hoeger.info,2014-08-15 15:30:55 UTC,2014-08-15 15:30:55 UTC
123,Daisy Auer Jr.,eunice_padberg@kautzerbechtelar.name,2014-08-15 15:30:55 UTC,2014-08-15 15:30:55 UTC
124,Jamir Botsford,imogene.gusikowski@hartmannsanford.com,2014-08-15 15:30:55 UTC,2014-08-15 15:30:55 UTC
125,Tyshawn Mosciski,torrance.walsh@parker.info,2014-08-15 15:30:55 UTC,2014-08-15 15:30:55 UTC
126,Makenzie Rosenbaum,karolann_wisoky@jakubowskijohnston.name,2014-08-15 15:30:55 UTC,2014-08-15 15:30:55 UTC
127,Ronny Wolf,albert.west@murphy.org,2014-08-15 15:30:55 UTC,2014-08-15 15:30:55 UTC
128,Fae Swaniawski III,reece.sporer@thompson.com,2014-08-15 15:30:55 UTC,2014-08-15 15:30:55 UTC
129,Valentin Stanton,declan@brown.com,2014-08-15 15:30:55 UTC,2014-08-15 15:30:55 UTC
130,Yessenia Weber,tremaine.king@hilll.com,2014-08-15 15:30:55 UTC,2014-08-15 15:30:55 UTC
131,Claudine Feeney PhD,zita@lynchernser.name,2014-08-15 15:30:55 UTC,2014-08-15 15:30:55 UTC
132,Rodrigo Durgan Sr.,gino_rodriguez@hegmann.name,2014-08-15 15:30:55 UTC,2014-08-15 15:30:55 UTC
133,Claude Glover III,gielle@starkcremin.info,2014-08-15 15:30:55 UTC,2014-08-15 15:30:55 UTC
134,Sandy Stanton,armando.bergstrom@volkman.org,2014-08-15 15:30:55 UTC,2014-08-15 15:30:55 UTC
135,Sharon Russel,aglae@hackettmclaughlin.biz,2014-08-15 15:30:55 UTC,2014-08-15 15:30:55 UTC
136,Jude Welch,emanuel.cummings@kihn.name,2014-08-15 15:30:55 UTC,2014-08-15 15:30:55 UTC
137,Osvaldo Walter,joelle@mcculloughyost.info,2014-08-15 15:30:55 UTC,2014-08-15 15:30:55 UTC
138,Hilton Hoppe,jennyfer_white@dibbertreynolds.info,2014-08-15 15:30:55 UTC,2014-08-15 15:30:55 UTC
139,Ms. Linda Renner,rebecca_osinski@moen.org,2014-08-15 15:30:55 UTC,2014-08-15 15:30:55 UTC
140,Manuel Gleichner,idell_goldner@cainschimmel.org,2014-08-15 15:30:55 UTC,2014-08-15 15:30:55 UTC
141,Ed Schultz,braden@cummerata.name,2014-08-15 15:30:55 UTC,2014-08-15 15:30:55 UTC
142,Treva Langworth Sr.,robb@hermiston.info,2014-08-15 15:30:55 UTC,2014-08-15 15:30:55 UTC
143,Dr. Erik Stehr,abigayle@quigleyberge.org,2014-08-15 15:30:55 UTC,2014-08-15 15:30:55 UTC
144,Jacquelyn Ziemann Sr.,jamel@pricecruickshank.com,2014-08-15 15:30:55 UTC,2014-08-15 15:30:55 UTC
145,Melyssa Schuster,bonnie_marquardt@robel.biz,2014-08-15 15:30:55 UTC,2014-08-15 15:30:55 UTC
146,Anabel Zboncak,robb@swaniawski.org,2014-08-15 15:30:55 UTC,2014-08-15 15:30:55 UTC
147,Edyth Schultz,vickie_spencer@auersawayn.name,2014-08-15 15:30:55 UTC,2014-08-15 15:30:55 UTC
148,Boyd Littel,margarette@lueilwitz.name,2014-08-15 15:30:55 UTC,2014-08-15 15:30:55 UTC
149,Dr. Ike Schaefer,adela@ernserfarrell.name,2014-08-15 15:30:55 UTC,2014-08-15 15:30:55 UTC
150,Eileen Jaskolski,dorris.dicki@hayes.name,2014-08-15 15:30:55 UTC,2014-08-15 15:30:55 UTC
151,Mrs. Whitney Sauer,cleveland@grant.info,2014-08-15 15:30:55 UTC,2014-08-15 15:30:55 UTC
152,Amani Oberbrunner,kennedi.bernier@morar.com,2014-08-15 15:30:55 UTC,2014-08-15 15:30:55 UTC
153,Jonathan Doyle,brody@conroyhowell.net,2014-08-15 15:30:55 UTC,2014-08-15 15:30:55 UTC
154,Sasha Swaniawski I,delaney_ledner@hansen.org,2014-08-15 15:30:55 UTC,2014-08-15 15:30:55 UTC
155,Miss Santa Braun,rafael@ratke.com,2014-08-15 15:30:55 UTC,2014-08-15 15:30:55 UTC
156,Lilian Doyle,sabryna@oconnell.biz,2014-08-15 15:30:55 UTC,2014-08-15 15:30:55 UTC
157,Jakob Rau,felipe@heaneyrutherford.biz,2014-08-15 15:30:55 UTC,2014-08-15 15:30:55 UTC
158,Juston Marks,cory@auer.net,2014-08-15 15:30:55 UTC,2014-08-15 15:30:55 UTC
159,Ryan Raynor,maud.davis@berge.org,2014-08-15 15:30:55 UTC,2014-08-15 15:30:55 UTC
160,Unique Powlowski V,magdalen_beahan@moriettehirthe.com,2014-08-15 15:30:55 UTC,2014-08-15 15:30:55 UTC
161,Chesley Powlowski Jr.,garrick_macgyver@runolfonabbott.biz,2014-08-15 15:30:55 UTC,2014-08-15 15:30:55 UTC
162,Billie Thompson,joanny@wymanortiz.net,2014-08-15 15:30:55 UTC,2014-08-15 15:30:55 UTC
163,Johnathan Price,elsie.medhurst@schmelertremblay.info,2014-08-15 15:30:55 UTC,2014-08-15 15:30:55 UTC
164,Jude Mertz,terrill@windler.net,2014-08-15 15:30:55 UTC,2014-08-15 15:30:55 UTC
165,Derrick Kassulke,zelda.mueller@mcglynn.net,2014-08-15 15:30:55 UTC,2014-08-15 15:30:55 UTC
166,Graciela Pacocha,kenya.rice@price.net,2014-08-15 15:30:55 UTC,2014-08-15 15:30:55 UTC
167,Marco Strosin,kirk@beattyjerde.net,2014-08-15 15:30:55 UTC,2014-08-15 15:30:55 UTC
168,Fern Huel,jaquan_corwin@kemmerweber.name,2014-08-15 15:30:55 UTC,2014-08-15 15:30:55 UTC
169,Carmen Erdman,karlee_harris@grantratke.name,2014-08-15 15:30:55 UTC,2014-08-15 15:30:55 UTC
170,Gerardo Kovacek,miouri_hills@whiteeffertz.org,2014-08-15 15:30:55 UTC,2014-08-15 15:30:55 UTC
171,Cordia Schinner,liana@raynor.name,2014-08-15 15:30:55 UTC,2014-08-15 15:30:55 UTC
172,Mr. Kole McGlynn,arely@marks.net,2014-08-15 15:30:55 UTC,2014-08-15 15:30:55 UTC
173,Aidan Orn,zelda@schultz.name,2014-08-15 15:30:55 UTC,2014-08-15 15:30:55 UTC
174,Izaiah Dare,morgan_wyman@shanahanbeatty.net,2014-08-15 15:30:55 UTC,2014-08-15 15:30:55 UTC
175,Candelario Gottlieb DDS,howard@bergstrom.info,2014-08-15 15:30:55 UTC,2014-08-15 15:30:55 UTC
176,Carrie Jerde,reanna@treutelgoldner.biz,2014-08-15 15:30:55 UTC,2014-08-15 15:30:55 UTC
177,Rosendo Daugherty PhD,wilton@uptonjohnston.biz,2014-08-15 15:30:55 UTC,2014-08-15 15:30:55 UTC
178,Janick Haag,florencio@heaney.org,2014-08-15 15:30:55 UTC,2014-08-15 15:30:55 UTC
179,Nelle Kreiger,rafael@simoniscarroll.name,2014-08-15 15:30:55 UTC,2014-08-15 15:30:55 UTC
180,Rodger McClure,concepcion.deckow@hermiston.net,2014-08-15 15:30:55 UTC,2014-08-15 15:30:55 UTC
181,Hortense Crona,andres_johnston@volkmanmcdermott.info,2014-08-15 15:30:55 UTC,2014-08-15 15:30:55 UTC
182,Earnestine Roberts,maybell_bechtelar@stromanfahey.net,2014-08-15 15:30:55 UTC,2014-08-15 15:30:55 UTC
183,Jaquelin Green III,priscilla_krajcik@nienowgrimes.info,2014-08-15 15:30:55 UTC,2014-08-15 15:30:55 UTC
184,Estefania Wilkinson,sonny.pagac@padberg.net,2014-08-15 15:30:55 UTC,2014-08-15 15:30:55 UTC
185,Rosendo Gulgowski,cali.collins@brakus.com,2014-08-15 15:30:55 UTC,2014-08-15 15:30:55 UTC
186,Jewel Champlin,ashleigh.flatley@leuschke.info,2014-08-15 15:30:55 UTC,2014-08-15 15:30:55 UTC
187,Carolyn Hegmann,darrin.gerhold@willmscorwin.com,2014-08-15 15:30:55 UTC,2014-08-15 15:30:55 UTC
188,Miss Simone Fritsch,lavinia@rowe.net,2014-08-15 15:30:55 UTC,2014-08-15 15:30:55 UTC
189,Miss Noble Runte,carol@rodriguez.info,2014-08-15 15:30:55 UTC,2014-08-15 15:30:55 UTC
190,Mrs. Patience Parker,edna@greenholt.name,2014-08-15 15:30:55 UTC,2014-08-15 15:30:55 UTC
191,Hertha Ruecker,keshaun.reichel@ankunding.com,2014-08-15 15:30:55 UTC,2014-08-15 15:30:55 UTC
192,Ernestina Bartoletti,juana@ritchie.name,2014-08-15 15:30:55 UTC,2014-08-15 15:30:55 UTC
193,Amina Leffler I,helene.rodriguez@hayes.biz,2014-08-15 15:30:55 UTC,2014-08-15 15:30:55 UTC
194,Alana Stamm,ashlee.jones@nolan.org,2014-08-15 15:30:55 UTC,2014-08-15 15:30:55 UTC
195,Dr. Abdullah Walsh,pierre.auer@purdybreitenberg.info,2014-08-15 15:30:55 UTC,2014-08-15 15:30:55 UTC
196,Tony Block,octavia.moore@bayer.org,2014-08-15 15:30:55 UTC,2014-08-15 15:30:55 UTC
197,Yolanda Kiehn,kaylin@auer.name,2014-08-15 15:30:55 UTC,2014-08-15 15:30:55 UTC
198,Darion Hoppe,lizzie@macejkovic.net,2014-08-15 15:30:55 UTC,2014-08-15 15:30:55 UTC
199,Miss Monserrate Bednar,krista@ondricka.org,2014-08-15 15:30:55 UTC,2014-08-15 15:30:55 UTC
200,Rosetta Ruecker,kelsi@wiza.info,2014-08-15 15:30:55 UTC,2014-08-15 15:30:55 UTC
201,Mrs. Meda Kohler,diana@heidenreich.net,2014-08-15 15:30:55 UTC,2014-08-15 15:30:55 UTC
202,Floyd Bednar,brandi@tremblay.info,2014-08-15 15:30:55 UTC,2014-08-15 15:30:55 UTC
203,Augustine Boyle,hailey_bruen@andersonrutherford.name,2014-08-15 15:30:55 UTC,2014-08-15 15:30:55 UTC
204,Ms. Greyson Haag,brennon_kshlerin@wyman.biz,2014-08-15 15:30:55 UTC,2014-08-15 15:30:55 UTC
205,Mrs. Brooks Towne,elvie@rippin.name,2014-08-15 15:30:55 UTC,2014-08-15 15:30:55 UTC
206,Merritt Stracke,kristy.kreiger@vandervortgraham.info,2014-08-15 15:30:55 UTC,2014-08-15 15:30:55 UTC
207,Katelynn Blanda,angelina.funk@armstrong.com,2014-08-15 15:30:55 UTC,2014-08-15 15:30:55 UTC
208,Aleen Abshire,dane_hagenes@ko.info,2014-08-15 15:30:55 UTC,2014-08-15 15:30:55 UTC
209,Ottilie Lemke,ella@sporer.org,2014-08-15 15:30:55 UTC,2014-08-15 15:30:55 UTC
210,Mossie Quigley,jarvis@jerde.com,2014-08-15 15:30:55 UTC,2014-08-15 15:30:55 UTC
211,Mrs. Elizabeth Shields,fatima_hoeger@schroeder.info,2014-08-15 15:30:55 UTC,2014-08-15 15:30:55 UTC
212,Amelia Anderson II,elvis@binchulist.info,2014-08-15 15:30:55 UTC,2014-08-15 15:30:55 UTC
213,Casimir Kihn,ed@miller.com,2014-08-15 15:30:55 UTC,2014-08-15 15:30:55 UTC
214,Ms. Sage Gleason,kiana_hagenes@predovicdietrich.biz,2014-08-15 15:30:55 UTC,2014-08-15 15:30:55 UTC
215,Shawn Harber Jr.,joshuah.prosacco@kuvalis.org,2014-08-15 15:30:55 UTC,2014-08-15 15:30:55 UTC
216,Zoey Dickens IV,christop.kuphal@cain.name,2014-08-15 15:30:55 UTC,2014-08-15 15:30:55 UTC
217,Miss Kacey Weber,retha@hilllwalker.biz,2014-08-15 15:30:55 UTC,2014-08-15 15:30:55 UTC
218,Ms. Crawford Brown,anais@littlewaelchi.net,2014-08-15 15:30:55 UTC,2014-08-15 15:30:55 UTC
219,Marcelle Crist I,christa.fay@homenick.name,2014-08-15 15:30:55 UTC,2014-08-15 15:30:55 UTC
220,Cristal Friesen,jolie.ortiz@kozeymurray.com,2014-08-15 15:30:55 UTC,2014-08-15 15:30:55 UTC
221,Anabel Hilll,cullen_orn@ledner.biz,2014-08-15 15:30:55 UTC,2014-08-15 15:30:55 UTC
222,Marc Moore,laura.beatty@starkebert.info,2014-08-15 15:30:55 UTC,2014-08-15 15:30:55 UTC
223,Demarcus Bailey,madelynn.buckridge@dubuque.name,2014-08-15 15:30:55 UTC,2014-08-15 15:30:55 UTC
224,Abel Bartell V,javonte_halvorson@swift.info,2014-08-15 15:30:55 UTC,2014-08-15 15:30:55 UTC
225,Dr. Jada Pagac,celia@emmerich.name,2014-08-15 15:30:55 UTC,2014-08-15 15:30:55 UTC
226,Maribel Marquardt,sheldon_ko@brekkejerde.name,2014-08-15 15:30:55 UTC,2014-08-15 15:30:55 UTC
227,Charlotte Hartmann,ole@gutmann.biz,2014-08-15 15:30:55 UTC,2014-08-15 15:30:55 UTC
228,Lew Pacocha,clyde.fisher@mccullough.name,2014-08-15 15:30:55 UTC,2014-08-15 15:30:55 UTC
229,Miss Juanita VonRueden,august@ratke.net,2014-08-15 15:30:55 UTC,2014-08-15 15:30:55 UTC
230,Jaunita Miller,luz.hoeger@collinsauer.biz,2014-08-15 15:30:55 UTC,2014-08-15 15:30:55 UTC
231,Miss Kieran Gerlach,pierre@stiedemann.com,2014-08-15 15:30:55 UTC,2014-08-15 15:30:55 UTC
232,Chelsey Rutherford,jaiden@rolfson.biz,2014-08-15 15:30:55 UTC,2014-08-15 15:30:55 UTC
233,Miss Michaela Kerluke,taryn@feestschoen.net,2014-08-15 15:30:55 UTC,2014-08-15 15:30:55 UTC
234,Imelda Bahringer,guido@medhursthills.biz,2014-08-15 15:30:55 UTC,2014-08-15 15:30:55 UTC
235,Abigail Wilkinson,neil@toy.name,2014-08-15 15:30:55 UTC,2014-08-15 15:30:55 UTC
236,Arielle O'Kon II,gwen@marks.name,2014-08-15 15:30:55 UTC,2014-08-15 15:30:55 UTC
237,Kenna Hackett,velva.dooley@tremblayreilly.com,2014-08-15 15:30:55 UTC,2014-08-15 15:30:55 UTC
238,Emanuel Powlowski,ruell.bechtelar@leschrau.net,2014-08-15 15:30:55 UTC,2014-08-15 15:30:55 UTC
239,Garland Marks,katrina_carter@schuppe.name,2014-08-15 15:30:55 UTC,2014-08-15 15:30:55 UTC
240,Torrance Ziemann,dariana_heller@crooks.net,2014-08-15 15:30:55 UTC,2014-08-15 15:30:55 UTC
241,Freeman Hilll,rose@rowe.name,2014-08-15 15:30:55 UTC,2014-08-15 15:30:55 UTC
242,Annie Brekke Jr.,ola@senger.biz,2014-08-15 15:30:55 UTC,2014-08-15 15:30:55 UTC
243,Oren Spencer,bailee@oreillykihn.org,2014-08-15 15:30:55 UTC,2014-08-15 15:30:55 UTC
244,Ms. Myrtle Hills,terence.welch@wyman.biz,2014-08-15 15:30:55 UTC,2014-08-15 15:30:55 UTC
245,Saige Harber,cruz@wilderman.info,2014-08-15 15:30:55 UTC,2014-08-15 15:30:55 UTC
246,Eveline Spinka,rowan@grimes.com,2014-08-15 15:30:55 UTC,2014-08-15 15:30:55 UTC
247,Jakob Torphy Sr.,abraham@stokes.info,2014-08-15 15:30:55 UTC,2014-08-15 15:30:55 UTC
248,Randal Cronin,mose@kundeosinski.name,2014-08-15 15:30:55 UTC,2014-08-15 15:30:55 UTC
249,Moses Crooks,marjory_roberts@orn.org,2014-08-15 15:30:55 UTC,2014-08-15 15:30:55 UTC
250,Michael Klein,dayna_hagenes@jast.com,2014-08-15 15:30:55 UTC,2014-08-15 15:30:55 UTC
251,Rosario Stamm,jaleel@murray.net,2014-08-15 15:30:55 UTC,2014-08-15 15:30:55 UTC
252,Wade Toy,london@faheyleannon.name,2014-08-15 15:30:55 UTC,2014-08-15 15:30:55 UTC
253,Melissa Goodwin,ellsworth_rosenbaum@naderpurdy.info,2014-08-15 15:30:55 UTC,2014-08-15 15:30:55 UTC
254,Miss Julianne Yost,breanne@fritschmante.org,2014-08-15 15:30:55 UTC,2014-08-15 15:30:55 UTC
255,Lloyd Durgan,coty.eichmann@rodriguezheel.com,2014-08-15 15:30:55 UTC,2014-08-15 15:30:55 UTC
256,Carissa Schamberger,jada.runolfsdottir@reichert.info,2014-08-15 15:30:55 UTC,2014-08-15 15:30:55 UTC
257,Dimitri Cole,winifred.fadel@nolanstreich.info,2014-08-15 15:30:55 UTC,2014-08-15 15:30:55 UTC
258,Narciso Effertz I,cleora_smitham@hansenhartmann.com,2014-08-15 15:30:55 UTC,2014-08-15 15:30:55 UTC
259,Frank Hessel,riley_tillman@medhurst.biz,2014-08-15 15:30:55 UTC,2014-08-15 15:30:55 UTC
260,Ms. Warren Zboncak,bethany_abshire@oberbrunner.net,2014-08-15 15:30:55 UTC,2014-08-15 15:30:55 UTC
261,Max Mitchell,eldred@parker.org,2014-08-15 15:30:55 UTC,2014-08-15 15:30:55 UTC
262,Mr. Tressie Lubowitz,aunta.orn@runte.net,2014-08-15 15:30:55 UTC,2014-08-15 15:30:55 UTC
263,Ms. Alfredo Gorczany,berry@veum.biz,2014-08-15 15:30:55 UTC,2014-08-15 15:30:55 UTC
264,Zita Dickinson,minerva@rolfson.org,2014-08-15 15:30:55 UTC,2014-08-15 15:30:55 UTC
265,Cloyd Rath,will_hickle@bartell.org,2014-08-15 15:30:55 UTC,2014-08-15 15:30:55 UTC
266,Everette Lebsack,lenore.strosin@steuber.org,2014-08-15 15:30:55 UTC,2014-08-15 15:30:55 UTC
267,Glenda Schmeler,ferne@stokesleffler.info,2014-08-15 15:30:55 UTC,2014-08-15 15:30:55 UTC
268,Harvey Kuhic,geovanny@tromp.biz,2014-08-15 15:30:55 UTC,2014-08-15 15:30:55 UTC
269,Bethel Willms,abdullah@conroyfranecki.com,2014-08-15 15:30:55 UTC,2014-08-15 15:30:55 UTC
270,Oda Marvin,daisy@ratke.biz,2014-08-15 15:30:55 UTC,2014-08-15 15:30:55 UTC
271,Dock Wisoky,phoebe.bins@ebert.name,2014-08-15 15:30:55 UTC,2014-08-15 15:30:55 UTC
272,Tracy Fahey,demario_erdman@bogan.name,2014-08-15 15:30:55 UTC,2014-08-15 15:30:55 UTC
273,Barton Moen,ivah_blick@metz.com,2014-08-15 15:30:55 UTC,2014-08-15 15:30:55 UTC
274,Kaela Paucek,roscoe.yundt@stamm.biz,2014-08-15 15:30:55 UTC,2014-08-15 15:30:55 UTC
275,Hermann Flatley,zander@baumbach.info,2014-08-15 15:30:55 UTC,2014-08-15 15:30:55 UTC
276,Mrs. Trenton Purdy,gertrude_gibson@homenick.name,2014-08-15 15:30:55 UTC,2014-08-15 15:30:55 UTC
277,Rolando Zemlak II,catalina@stokes.info,2014-08-15 15:30:55 UTC,2014-08-15 15:30:55 UTC
278,Cleve Klocko,dannie_murray@goldner.com,2014-08-15 15:30:55 UTC,2014-08-15 15:30:55 UTC
279,Ramona Hettinger,edwardo_welch@jaskolski.info,2014-08-15 15:30:55 UTC,2014-08-15 15:30:55 UTC
280,Francesca Ruecker MD,chase.jenkins@robelfranecki.info,2014-08-15 15:30:56 UTC,2014-08-15 15:30:56 UTC
281,Olaf Leuschke,anjali_rippin@stokes.name,2014-08-15 15:30:56 UTC,2014-08-15 15:30:56 UTC
282,Lenna Shields MD,noemie_windler@osinski.biz,2014-08-15 15:30:56 UTC,2014-08-15 15:30:56 UTC
283,Mr. Jazmyn Lebsack,eleanore@flatley.org,2014-08-15 15:30:56 UTC,2014-08-15 15:30:56 UTC
284,Einar Kuhn,duane@casper.info,2014-08-15 15:30:56 UTC,2014-08-15 15:30:56 UTC
285,Mabel Schmitt,cleora@doyle.net,2014-08-15 15:30:56 UTC,2014-08-15 15:30:56 UTC
286,Miss Roosevelt Cummerata,emmanuelle.rogahn@oconnerhammes.info,2014-08-15 15:30:56 UTC,2014-08-15 15:30:56 UTC
287,Anna Kautzer,dee_dibbert@mann.biz,2014-08-15 15:30:56 UTC,2014-08-15 15:30:56 UTC
288,Dr. Hertha Fritsch,richie@gulgowski.biz,2014-08-15 15:30:56 UTC,2014-08-15 15:30:56 UTC
289,Paige Zemlak,elwyn@hauck.biz,2014-08-15 15:30:56 UTC,2014-08-15 15:30:56 UTC
290,Ernesto Hudson,violette_durgan@veumrau.biz,2014-08-15 15:30:56 UTC,2014-08-15 15:30:56 UTC
291,Gracie Wolf,trever_adams@leffler.com,2014-08-15 15:30:56 UTC,2014-08-15 15:30:56 UTC
292,Misty Gislason IV,aniyah_treutel@johnson.com,2014-08-15 15:30:56 UTC,2014-08-15 15:30:56 UTC
293,Mrs. Kevin Gorczany,dedric@dickens.org,2014-08-15 15:30:56 UTC,2014-08-15 15:30:56 UTC
294,Octavia Hermann,jasmin@wiza.net,2014-08-15 15:30:56 UTC,2014-08-15 15:30:56 UTC
295,Ayla Medhurst,lelia_gleason@cremin.info,2014-08-15 15:30:56 UTC,2014-08-15 15:30:56 UTC
296,Ms. Rebekah Bernier,darren.parker@bailey.info,2014-08-15 15:30:56 UTC,2014-08-15 15:30:56 UTC
297,Sammy Gerhold PhD,romaine.kuvalis@prohaska.name,2014-08-15 15:30:56 UTC,2014-08-15 15:30:56 UTC
298,Mr. Emmy Balistreri,lexi@corkery.net,2014-08-15 15:30:56 UTC,2014-08-15 15:30:56 UTC
299,Elisha Gaylord,ruben.runolfsdottir@schaeferkovacek.org,2014-08-15 15:30:56 UTC,2014-08-15 15:30:56 UTC
300,Jordy Kling,frederic@ferry.net,2014-08-15 15:30:56 UTC,2014-08-15 15:30:56 UTC
301,Herta Wilkinson MD,jevon@mills.org,2014-08-15 15:30:56 UTC,2014-08-15 15:30:56 UTC
302,Pinkie Wilderman,maximillian_wunsch@fadel.com,2014-08-15 15:30:56 UTC,2014-08-15 15:30:56 UTC
303,Treva Miller,lizzie@conroygutmann.com,2014-08-15 15:30:56 UTC,2014-08-15 15:30:56 UTC
304,Angel Lebsack PhD,ida.koepp@kaulke.org,2014-08-15 15:30:56 UTC,2014-08-15 15:30:56 UTC
305,Andrew Morissette,nova@haagborer.net,2014-08-15 15:30:56 UTC,2014-08-15 15:30:56 UTC
306,Brant Gutmann,ted@mitchellromaguera.net,2014-08-15 15:30:56 UTC,2014-08-15 15:30:56 UTC
307,Miss Jaqueline Hyatt,darrell@strosinhyatt.info,2014-08-15 15:30:56 UTC,2014-08-15 15:30:56 UTC
308,Jules Nader,omer@bergstrom.org,2014-08-15 15:30:56 UTC,2014-08-15 15:30:56 UTC
309,Julie Boyle,kurtis@prohaska.info,2014-08-15 15:30:56 UTC,2014-08-15 15:30:56 UTC
310,Milford Deckow,myra.kris@wilkinson.org,2014-08-15 15:30:56 UTC,2014-08-15 15:30:56 UTC
311,Trycia O'Conner DDS,barton.lebsack@wolffhilpert.biz,2014-08-15 15:30:56 UTC,2014-08-15 15:30:56 UTC
312,Natalia Dickinson,nathanael.walsh@abernathy.biz,2014-08-15 15:30:56 UTC,2014-08-15 15:30:56 UTC
313,Carroll Macejkovic,ines@will.name,2014-08-15 15:30:56 UTC,2014-08-15 15:30:56 UTC
314,Sydnee Lockman III,edgardo.thiel@waters.org,2014-08-15 15:30:56 UTC,2014-08-15 15:30:56 UTC
315,Velva Mayert,eleazar@ernserkris.info,2014-08-15 15:30:56 UTC,2014-08-15 15:30:56 UTC
316,Mr. Amos Ondricka,hellen_harber@lehner.org,2014-08-15 15:30:56 UTC,2014-08-15 15:30:56 UTC
317,Ashly Gorczany,dudley_douglas@heeldach.net,2014-08-15 15:30:56 UTC,2014-08-15 15:30:56 UTC
318,Kathleen Will,willis@swift.org,2014-08-15 15:30:56 UTC,2014-08-15 15:30:56 UTC
319,Breana Walter,jabari@cummeratalegros.net,2014-08-15 15:30:56 UTC,2014-08-15 15:30:56 UTC
320,Wendell Keebler IV,margarita.von@rippin.info,2014-08-15 15:30:56 UTC,2014-08-15 15:30:56 UTC
321,Sydnie Rice,amira.wolff@shanahaneichmann.net,2014-08-15 15:30:56 UTC,2014-08-15 15:30:56 UTC
322,Leland Homenick,stevie.lang@champlin.name,2014-08-15 15:30:56 UTC,2014-08-15 15:30:56 UTC
323,Cleveland Murphy,rosalyn@gleichnerhilpert.name,2014-08-15 15:30:56 UTC,2014-08-15 15:30:56 UTC
324,Sadie Stokes,hilton_bergstrom@welch.net,2014-08-15 15:30:56 UTC,2014-08-15 15:30:56 UTC
325,Geraldine Miller,anibal_windler@monahan.info,2014-08-15 15:30:56 UTC,2014-08-15 15:30:56 UTC
326,Norbert Stehr,kurtis.lowe@treutelaufderhar.org,2014-08-15 15:30:56 UTC,2014-08-15 15:30:56 UTC
327,Dessie Ankunding,estella_mraz@wilkinsonkilback.org,2014-08-15 15:30:56 UTC,2014-08-15 15:30:56 UTC
328,Ms. Maddison Medhurst,daniela@jacobijohnson.biz,2014-08-15 15:30:56 UTC,2014-08-15 15:30:56 UTC
329,Alexandrea Pollich,lindsey_armstrong@corkerykemmer.info,2014-08-15 15:30:56 UTC,2014-08-15 15:30:56 UTC
330,Braulio Cummings,julio.dooley@brekke.info,2014-08-15 15:30:56 UTC,2014-08-15 15:30:56 UTC
331,Jake Connelly II,cesar_cormier@emard.biz,2014-08-15 15:30:56 UTC,2014-08-15 15:30:56 UTC
332,Delpha Conroy,jacynthe_monahan@pollichokon.net,2014-08-15 15:30:56 UTC,2014-08-15 15:30:56 UTC
333,Demarcus Lowe,maximillia@quitzonmccullough.info,2014-08-15 15:30:56 UTC,2014-08-15 15:30:56 UTC
334,Noelia Schiller DVM,janelle_shields@hudson.com,2014-08-15 15:30:56 UTC,2014-08-15 15:30:56 UTC
335,Miss Nicholaus Littel,richard@maggio.biz,2014-08-15 15:30:56 UTC,2014-08-15 15:30:56 UTC
336,Edna Price,eulalia.grimes@dickihills.info,2014-08-15 15:30:56 UTC,2014-08-15 15:30:56 UTC
337,Miss Albertha Jacobi,eliezer_schmeler@leannon.name,2014-08-15 15:30:56 UTC,2014-08-15 15:30:56 UTC
